{
  "departments": [
    {
      "id": 1,
      "name": "Software COE"
    },
    {
      "id": 2,
      "name": "Finance"
    },
    {
      "id": 3,
      "name": "Human Resources"
    },
    {
      "id": 4,
      "name": "Learning & Development"
    },
    {
      "id": 5,
      "name": "Marketing"
    },
    {
      "name": "sasasas",
      "id": 6
    }
  ],
  "employees": [
    {
      "id": 1,
      "name": "1Vijay",
      "phone": "11234567890",
      "email": "1test@test.com",
      "department": "Software COE"
    },
    {
      "name": "Sreekanth",
      "email": "sreekanthme@gmail.com",
      "phone": "9845452168",
      "department": "Marketing",
      "id": 4
    }
  ]
}