{
  "departments": [
    {
      "id": 1,
      "name": "Software COE"
    },
    {
      "id": 2,
      "name": "Finance"
    },
    {
      "id": 3,
      "name": "Human Resources"
    },
    {
      "id": 4,
      "name": "Learning & Development"
    },
    {
      "id": 5,
      "name": "Marketing"
    },
    {
      "name": "test 1245",
      "id": 7
    },
    {
      "name": "test91",
      "id": 8
    }
  ],
  "employees": [
    {
      "id": 1,
      "name": "ashok",
      "email": "ashok@gmail.com",
      "phone": "9000520843",
      "department": "Learning & Development"
    },
    {
      "name": "john123",
      "email": "john@gmail.com",
      "phone": "9000520842",
      "department": "Marketing",
      "id": 2
    },
    {
      "name": "test",
      "email": "test@gmail.com",
      "phone": "9000123456",
      "department": "Human Resources",
      "id": 3
    },
    {
      "name": "test123",
      "email": "test123@gmail.com1",
      "phone": "1231212",
      "department": "Finance",
      "id": 4
    },
    {
      "name": "test90",
      "email": "test90@gmail.com",
      "phone": "90121212112",
      "department": "Finance",
      "id": 5
    }
  ]
}